-- Import live MySQL data into SQLite v2 database

-- Users (with real password hashes from live)
INSERT INTO users (id, email, password_hash, name, first_name, is_active, created_at, last_login) VALUES
(1, 'paul@paulgreblick.com', '$2y$12$F/mgVio/tX9BEPzjcbqPJe1yjX9tHJfoL1Epu9YHgN1VWvBEZpzgC', 'Paul Greblick', 'Paul', 1, '2025-12-14 19:00:38', '2025-12-25 03:04:28'),
(2, 'anita@angelsandinsights.com', '$2y$10$gt/Pb8vm1lnbrq/mNlARBeBcgyEjfX7BBnbOlykwBZ71wWEXwpXmO', 'Anita Colussi-Zanon', 'Anita', 1, '2025-12-14 19:07:11', '2026-01-15 14:54:26');

-- Video Categories
INSERT INTO video_categories (id, name, description, sort_order) VALUES
(1, 'Affirmations', 'Faceless YouTube affirmation videos', 0);

-- Videos
INSERT INTO videos (id, category_id, title, notes, folder_link, youtube_url, published_at, created_at, updated_at) VALUES
(1, 1, 'Manifestation', NULL, NULL, NULL, NULL, '2025-12-15 03:28:54', '2025-12-15 03:28:54'),
(2, 1, 'Stress', NULL, NULL, NULL, NULL, '2025-12-15 03:28:54', '2025-12-15 03:28:54'),
(3, 1, 'Overwhelm', NULL, NULL, NULL, NULL, '2025-12-15 03:28:54', '2025-12-15 03:28:54'),
(4, 1, 'Anxiety', NULL, NULL, NULL, NULL, '2025-12-15 03:28:54', '2025-12-15 03:28:54'),
(5, 1, 'Abundance', NULL, NULL, NULL, NULL, '2025-12-15 03:28:54', '2025-12-15 03:28:54'),
(6, 1, 'Happiness', NULL, NULL, NULL, NULL, '2025-12-15 03:28:54', '2025-12-15 03:28:54'),
(7, 1, 'Self Love', NULL, NULL, NULL, NULL, '2025-12-15 03:28:54', '2025-12-15 03:28:54'),
(8, 1, 'Morning Positive Energy', NULL, NULL, NULL, NULL, '2025-12-15 03:28:54', '2025-12-15 03:28:54'),
(9, 1, 'Money', NULL, NULL, NULL, NULL, '2025-12-15 03:28:54', '2025-12-15 03:28:54'),
(10, 1, 'Healing from the Past', NULL, NULL, NULL, NULL, '2025-12-15 03:28:54', '2025-12-15 03:28:54'),
(11, 1, 'Worry', NULL, NULL, NULL, NULL, '2025-12-15 03:28:54', '2025-12-15 03:28:54'),
(12, 1, 'Peace and Calm', NULL, NULL, NULL, NULL, '2025-12-15 03:28:54', '2025-12-15 03:28:54'),
(13, 1, 'Positive Life Changes', NULL, NULL, NULL, NULL, '2025-12-15 03:28:54', '2025-12-15 03:28:54'),
(14, 1, 'Success', NULL, NULL, NULL, NULL, '2025-12-15 03:28:54', '2025-12-15 03:28:54'),
(15, 1, 'Wealth', NULL, NULL, NULL, NULL, '2025-12-15 03:28:54', '2025-12-15 03:28:54'),
(16, 1, 'Health', NULL, NULL, NULL, NULL, '2025-12-15 03:28:54', '2025-12-15 03:28:54');

-- Workflow Steps
INSERT INTO workflow_steps (id, name, phase, sort_order) VALUES
(1, 'Script Draft', 'writing', 1),
(2, 'Script Final', 'writing', 2),
(3, 'Base Recording', 'audio', 3),
(4, 'Editing', 'audio', 4),
(5, 'PowerPoint Created', 'video', 5),
(6, 'PowerPoint Assembled', 'video', 6),
(7, 'Title Confirmed', 'publish', 7),
(8, 'Thumbnail Created', 'publish', 8),
(9, 'Description Created', 'publish', 9),
(10, 'IG Comments Created', 'publish', 10),
(11, 'Uploaded to YouTube', 'final', 11),
(12, 'Comments Pinned', 'final', 12);

-- Video Progress (preserving actual statuses from live)
INSERT INTO video_progress (video_id, step_id, status, updated_at) VALUES
(1, 1, 'not_started', '2025-12-15 03:28:54'),
(1, 2, 'not_started', '2025-12-15 03:28:54'),
(1, 3, 'not_started', '2025-12-15 03:28:54'),
(1, 4, 'not_started', '2025-12-15 03:28:54'),
(1, 5, 'not_started', '2025-12-15 03:28:54'),
(1, 6, 'not_started', '2025-12-15 03:28:54'),
(1, 7, 'not_started', '2025-12-15 03:28:54'),
(1, 8, 'not_started', '2025-12-15 03:28:54'),
(1, 9, 'not_started', '2025-12-15 03:28:54'),
(1, 10, 'not_started', '2025-12-15 03:28:54'),
(1, 11, 'not_started', '2025-12-15 03:28:54'),
(1, 12, 'not_started', '2025-12-15 03:28:54'),
(2, 1, 'not_started', '2025-12-15 03:28:54'),
(2, 2, 'not_started', '2025-12-15 03:28:54'),
(2, 3, 'not_started', '2025-12-15 03:28:54'),
(2, 4, 'not_started', '2025-12-15 03:28:54'),
(2, 5, 'not_started', '2025-12-15 03:28:54'),
(2, 6, 'not_started', '2025-12-15 03:28:54'),
(2, 7, 'not_started', '2025-12-15 03:28:54'),
(2, 8, 'not_started', '2025-12-15 03:28:54'),
(2, 9, 'not_started', '2025-12-15 03:28:54'),
(2, 10, 'not_started', '2025-12-15 03:28:54'),
(2, 11, 'not_started', '2025-12-15 03:28:54'),
(2, 12, 'not_started', '2025-12-15 03:28:54'),
(3, 1, 'not_started', '2025-12-15 03:28:54'),
(3, 2, 'not_started', '2025-12-15 03:28:54'),
(3, 3, 'not_started', '2025-12-15 03:28:54'),
(3, 4, 'not_started', '2025-12-15 03:28:54'),
(3, 5, 'not_started', '2025-12-15 03:28:54'),
(3, 6, 'not_started', '2025-12-15 03:28:54'),
(3, 7, 'not_started', '2025-12-15 03:28:54'),
(3, 8, 'not_started', '2025-12-15 03:28:54'),
(3, 9, 'not_started', '2025-12-15 03:28:54'),
(3, 10, 'not_started', '2025-12-15 03:28:54'),
(3, 11, 'not_started', '2025-12-15 03:28:54'),
(3, 12, 'not_started', '2025-12-15 03:28:54'),
(4, 1, 'not_started', '2025-12-15 03:28:54'),
(4, 2, 'not_started', '2025-12-15 03:28:54'),
(4, 3, 'not_started', '2025-12-15 03:28:54'),
(4, 4, 'not_started', '2025-12-15 03:28:54'),
(4, 5, 'not_started', '2025-12-15 03:28:54'),
(4, 6, 'not_started', '2025-12-15 03:28:54'),
(4, 7, 'not_started', '2025-12-15 03:28:54'),
(4, 8, 'not_started', '2025-12-15 03:28:54'),
(4, 9, 'not_started', '2025-12-15 03:28:54'),
(4, 10, 'not_started', '2025-12-15 03:28:54'),
(4, 11, 'not_started', '2025-12-15 03:28:54'),
(4, 12, 'not_started', '2025-12-15 03:28:54'),
(5, 1, 'not_started', '2025-12-15 03:28:54'),
(5, 2, 'not_started', '2025-12-15 03:28:54'),
(5, 3, 'in_progress', '2025-12-16 00:16:45'),
(5, 4, 'not_started', '2025-12-15 03:28:54'),
(5, 5, 'not_started', '2025-12-15 03:28:54'),
(5, 6, 'not_started', '2025-12-15 03:28:54'),
(5, 7, 'not_started', '2025-12-15 03:52:03'),
(5, 8, 'not_started', '2025-12-15 03:28:54'),
(5, 9, 'not_started', '2025-12-15 03:28:54'),
(5, 10, 'not_started', '2025-12-15 03:28:54'),
(5, 11, 'not_started', '2025-12-15 03:28:54'),
(5, 12, 'not_started', '2025-12-15 03:28:54'),
(6, 1, 'not_started', '2025-12-15 03:28:54'),
(6, 2, 'not_started', '2025-12-15 03:28:54'),
(6, 3, 'not_started', '2025-12-15 03:28:54'),
(6, 4, 'not_started', '2025-12-15 03:28:54'),
(6, 5, 'not_started', '2025-12-15 03:28:54'),
(6, 6, 'not_started', '2025-12-15 03:28:54'),
(6, 7, 'not_started', '2025-12-15 03:28:54'),
(6, 8, 'not_started', '2025-12-15 03:28:54'),
(6, 9, 'not_started', '2025-12-15 03:28:54'),
(6, 10, 'not_started', '2025-12-15 03:28:54'),
(6, 11, 'not_started', '2025-12-15 03:28:54'),
(6, 12, 'not_started', '2025-12-15 03:28:54'),
(7, 1, 'not_started', '2025-12-15 03:28:54'),
(7, 2, 'not_started', '2025-12-15 03:28:54'),
(7, 3, 'not_started', '2025-12-15 03:28:54'),
(7, 4, 'not_started', '2025-12-15 03:28:54'),
(7, 5, 'not_started', '2025-12-15 03:28:54'),
(7, 6, 'not_started', '2025-12-15 03:28:54'),
(7, 7, 'not_started', '2025-12-15 03:28:54'),
(7, 8, 'not_started', '2025-12-15 03:28:54'),
(7, 9, 'not_started', '2025-12-15 03:28:54'),
(7, 10, 'not_started', '2025-12-15 03:28:54'),
(7, 11, 'not_started', '2025-12-15 03:28:54'),
(7, 12, 'not_started', '2025-12-15 03:28:54'),
(8, 1, 'not_started', '2025-12-15 03:28:54'),
(8, 2, 'not_started', '2025-12-15 03:28:54'),
(8, 3, 'not_started', '2025-12-15 03:28:54'),
(8, 4, 'not_started', '2025-12-15 03:28:54'),
(8, 5, 'not_started', '2025-12-15 03:28:54'),
(8, 6, 'not_started', '2025-12-15 03:28:54'),
(8, 7, 'not_started', '2025-12-15 03:28:54'),
(8, 8, 'not_started', '2025-12-15 03:28:54'),
(8, 9, 'not_started', '2025-12-15 03:28:54'),
(8, 10, 'not_started', '2025-12-15 03:28:54'),
(8, 11, 'not_started', '2025-12-15 03:28:54'),
(8, 12, 'not_started', '2025-12-15 03:28:54'),
(9, 1, 'not_started', '2025-12-15 03:28:54'),
(9, 2, 'not_started', '2025-12-15 03:28:54'),
(9, 3, 'not_started', '2025-12-15 03:28:54'),
(9, 4, 'not_started', '2025-12-15 03:28:54'),
(9, 5, 'not_started', '2025-12-15 03:28:54'),
(9, 6, 'not_started', '2025-12-15 03:28:54'),
(9, 7, 'not_started', '2025-12-15 03:28:54'),
(9, 8, 'not_started', '2025-12-15 03:28:54'),
(9, 9, 'not_started', '2025-12-15 03:28:54'),
(9, 10, 'not_started', '2025-12-15 03:28:54'),
(9, 11, 'not_started', '2025-12-15 03:28:54'),
(9, 12, 'not_started', '2025-12-15 03:28:54'),
(10, 1, 'not_started', '2025-12-15 03:28:54'),
(10, 2, 'not_started', '2025-12-15 03:28:54'),
(10, 3, 'not_started', '2025-12-15 03:28:54'),
(10, 4, 'not_started', '2025-12-15 03:28:54'),
(10, 5, 'not_started', '2025-12-15 03:28:54'),
(10, 6, 'not_started', '2025-12-15 03:28:54'),
(10, 7, 'not_started', '2025-12-15 03:28:54'),
(10, 8, 'not_started', '2025-12-15 03:28:54'),
(10, 9, 'not_started', '2025-12-15 03:28:54'),
(10, 10, 'not_started', '2025-12-15 03:28:54'),
(10, 11, 'not_started', '2025-12-15 03:28:54'),
(10, 12, 'not_started', '2025-12-15 03:28:54'),
(11, 1, 'not_started', '2025-12-15 03:28:54'),
(11, 2, 'not_started', '2025-12-15 03:28:54'),
(11, 3, 'not_started', '2025-12-15 03:28:54'),
(11, 4, 'not_started', '2025-12-15 03:28:54'),
(11, 5, 'not_started', '2025-12-15 03:28:54'),
(11, 6, 'not_started', '2025-12-15 03:28:54'),
(11, 7, 'not_started', '2025-12-15 03:28:54'),
(11, 8, 'not_started', '2025-12-15 03:28:54'),
(11, 9, 'not_started', '2025-12-15 03:28:54'),
(11, 10, 'not_started', '2025-12-15 03:28:54'),
(11, 11, 'not_started', '2025-12-15 03:28:54'),
(11, 12, 'not_started', '2025-12-15 03:28:54'),
(12, 1, 'not_started', '2025-12-15 03:28:54'),
(12, 2, 'not_started', '2025-12-15 03:28:54'),
(12, 3, 'not_started', '2025-12-15 03:28:54'),
(12, 4, 'not_started', '2025-12-15 03:28:54'),
(12, 5, 'not_started', '2025-12-15 03:28:54'),
(12, 6, 'not_started', '2025-12-15 03:28:54'),
(12, 7, 'not_started', '2025-12-15 03:28:54'),
(12, 8, 'not_started', '2025-12-15 03:28:54'),
(12, 9, 'not_started', '2025-12-15 03:28:54'),
(12, 10, 'not_started', '2025-12-15 03:28:54'),
(12, 11, 'not_started', '2025-12-15 03:28:54'),
(12, 12, 'not_started', '2025-12-15 03:28:54'),
(13, 1, 'not_started', '2025-12-15 03:28:54'),
(13, 2, 'not_started', '2025-12-15 03:28:54'),
(13, 3, 'not_started', '2025-12-15 03:28:54'),
(13, 4, 'not_started', '2025-12-15 03:28:54'),
(13, 5, 'not_started', '2025-12-15 03:28:54'),
(13, 6, 'not_started', '2025-12-15 03:28:54'),
(13, 7, 'not_started', '2025-12-15 03:28:54'),
(13, 8, 'not_started', '2025-12-15 03:28:54'),
(13, 9, 'not_started', '2025-12-15 03:28:54'),
(13, 10, 'not_started', '2025-12-15 03:28:54'),
(13, 11, 'not_started', '2025-12-15 03:28:54'),
(13, 12, 'not_started', '2025-12-15 03:28:54'),
(14, 1, 'not_started', '2025-12-15 03:28:54'),
(14, 2, 'not_started', '2025-12-15 03:28:54'),
(14, 3, 'not_started', '2025-12-15 03:28:54'),
(14, 4, 'not_started', '2025-12-15 03:28:54'),
(14, 5, 'not_started', '2025-12-15 03:28:54'),
(14, 6, 'not_started', '2025-12-15 03:28:54'),
(14, 7, 'not_started', '2025-12-15 03:28:54'),
(14, 8, 'not_started', '2025-12-15 03:28:54'),
(14, 9, 'not_started', '2025-12-15 03:28:54'),
(14, 10, 'not_started', '2025-12-15 03:28:54'),
(14, 11, 'not_started', '2025-12-15 03:28:54'),
(14, 12, 'not_started', '2025-12-15 03:28:54'),
(15, 1, 'not_started', '2025-12-15 03:28:54'),
(15, 2, 'not_started', '2025-12-15 03:28:54'),
(15, 3, 'not_started', '2025-12-15 03:28:54'),
(15, 4, 'not_started', '2025-12-15 03:28:54'),
(15, 5, 'not_started', '2025-12-15 03:28:54'),
(15, 6, 'not_started', '2025-12-15 03:28:54'),
(15, 7, 'not_started', '2025-12-15 03:28:54'),
(15, 8, 'not_started', '2025-12-15 03:28:54'),
(15, 9, 'not_started', '2025-12-15 03:28:54'),
(15, 10, 'not_started', '2025-12-15 03:28:54'),
(15, 11, 'not_started', '2025-12-15 03:28:54'),
(15, 12, 'not_started', '2025-12-15 03:28:54'),
(16, 1, 'not_started', '2025-12-15 03:49:55'),
(16, 2, 'not_started', '2025-12-15 03:28:54'),
(16, 3, 'not_started', '2025-12-15 03:28:54'),
(16, 4, 'not_started', '2025-12-15 03:28:54'),
(16, 5, 'not_started', '2025-12-15 03:28:54'),
(16, 6, 'not_started', '2025-12-15 03:28:54'),
(16, 7, 'not_started', '2025-12-15 03:28:54'),
(16, 8, 'not_started', '2025-12-15 03:28:54'),
(16, 9, 'not_started', '2025-12-15 03:28:54'),
(16, 10, 'not_started', '2025-12-15 03:28:54'),
(16, 11, 'not_started', '2025-12-15 03:28:54'),
(16, 12, 'not_started', '2025-12-15 03:28:54');

-- Notes (mapping old status 'idea' -> 'active', 'in_progress' -> 'active', 'done' -> 'done')
INSERT INTO notes (id, title, content, type, status, priority, is_pinned, created_by, created_at, updated_at) VALUES
(2, NULL, 'Need to make UTM generator', 'task', 'active', 'normal', 0, 2, '2025-12-16 16:54:24', '2025-12-16 16:54:24'),
(6, 'Email Dashboard System', 'For Monday and Thursday emails, check drive to see where work is at.', 'note', 'active', 'normal', 0, 2, '2025-12-17 01:54:19', '2025-12-17 01:54:19'),
(7, 'Social Media Systems', 'Note that Metricool upload sheet for Instagram Carly Style posts is the basis for all other Instagram posts whether they are about articles or other things.

Other article based posts - exactly the same setup
non-article based posts
- either
- 1 - caption with DM word to prompt link to lead magnet
- 2 - awareness post of some kind with no prompt to DM anything', 'note', 'active', 'normal', 0, 2, '2025-12-17 20:24:27', '2025-12-17 20:24:27'),
(9, 'Upload scripts', 'For A&I and Anita namesite, we have to have all upload batch files created.', 'note', 'active', 'normal', 0, 2, '2025-12-18 17:35:09', '2025-12-18 17:35:09'),
(14, 'Additional Social Media Work', '- prep more Pinterest images to keep cycle going
- do same for square images

- curate title pins
- make square article title pins

- step lesson Angel Quotes further
- create Metricool sheets for different platforms for Angel Quotes', 'note', 'active', 'normal', 0, 2, '2025-12-25 03:18:57', '2025-12-25 03:18:57'),
(15, 'Subjects - # coding', 'Need to continue assigning #s to the subjects.', 'task', 'active', 'normal', 0, 2, '2025-12-25 03:20:17', '2025-12-25 03:20:17');

-- Doc Tags
INSERT INTO doc_tags (id, name, slug, color) VALUES
(1, 'Reference', 'reference', 'blue'),
(2, 'Process', 'process', 'green'),
(3, 'Guide', 'guide', 'purple'),
(4, 'Processes', 'processes', 'green'),
(5, 'Workflows', 'workflows', 'purple'),
(6, 'Guides', 'guides', 'orange');

-- Docs
INSERT INTO docs (id, title, slug, content, status, sort_order, created_by, updated_by, created_at, updated_at) VALUES
(1, 'Test', 'test', '<p>Test from Paul</p>', 'draft', 0, 1, 1, '2025-12-25 03:05:28', '2025-12-25 03:05:38');

-- Doc Tag Map
INSERT INTO doc_tag_map (doc_id, tag_id) VALUES (1, 1);
